rankdate,BEQ1,BEQ2,BEQ3,BEA1s,BEA2s
1986-01,-0.0316710551790193,0.0199552916484081,-0.0171602065862518,0.0287764617261649,0.0553279116485922
1986-02,0.0327314049726123,-0.0239279247336934,-0.00888359565177069,0.0352911804186828,0.0580948256574439
1986-03,0.0454940472869905,-0.0150230113669341,-0.00795627919089197,0.0370590196015899,0.0525187560163028
1986-04,0.0427965277714514,-0.0167836866221096,-0.028740919874888,0.037023145386227,0.0503313489061991
1986-05,0.00987858091865389,-0.0245194724368284,-0.0263317807504767,0.0350674519489446,0.0475724212186425
1986-06,-0.00720935559741434,-0.0111899370597948,-0.0194789136340759,0.0306603076695601,0.0438782475359141
1986-07,-0.0113715645290861,-0.0445010329018487,-0.00228119003470607,0.0332118677507221,0.0491919206801703
1986-08,-0.0192970851651513,-0.0232047421967375,0.0061735014460119,0.033205452858222,0.0467813507216554
1986-09,-0.00496817193197287,-0.0188562287052301,-0.0174933987209883,0.0324467020679109,0.047084334720169
1986-10,-0.0402014248821599,-0.00923238367185444,-0.0101889937781932,0.029096956346906,0.0445591908621099
1986-11,-0.0261705538359737,0.00526270378617153,-0.0150658193511608,0.029517013926719,0.0425116439036471
1986-12,-0.0153609861721614,-0.0134560135278775,-0.0113310209579439,0.0294304860491336,0.0431426413125308
1987-01,-0.0159696317417758,-0.0135384098887925,-0.00178962436121589,0.025805082153379,0.0376961179699147
1987-02,0.0466429292644392,-0.0134860287756377,-0.00755761181075521,0.0335307174052454,0.0337244864478958
1987-03,0.0386087163718721,-0.0151591582146465,-0.0109970032298032,0.0335986131340718,0.0349817917486779
1987-04,-0.00489916872907444,-0.00483299470218202,-0.0222781037396726,0.0316169867838797,0.0367270301502791
1987-05,-0.00975779283893632,-0.0130936524839542,-0.0339190200505483,0.0309405039929812,0.0377383267592261
1987-06,-0.0171968647713113,-0.021399339413214,-0.0300697576547193,0.0253280633120498,0.0333273891825042
1987-07,-0.0128063375330184,-0.0276509836954509,-0.0230862404130023,0.0239277702505715,0.0344356284686764
1987-08,-0.00895151979017015,-0.0301821008340657,-0.00194399775655226,0.0239366573372751,0.034550404300066
1987-09,-0.0104943825100243,-0.0245454215525116,-0.0201275593585001,0.024710857749354,0.0368776542355602
1987-10,-0.0369841266796118,-0.0279296572404961,-0.027474140733756,0.0370724393958239,0.0577621610523072
1987-11,-0.050794301157227,-0.00838087363901116,-0.0358127572289758,0.0381823374633753,0.0587386908488438
1987-12,-0.0273057972166891,-0.0301383369457832,-0.0235846233925081,0.0369425076537873,0.0542967638602551
1988-01,-0.0299320044107858,-0.029378149813707,-0.0270606226244755,0.0318617140133452,0.0498484091453691
1988-02,-0.00716360105682294,-0.0242200903895496,-0.0217843561324541,0.0298702532189518,0.0588679382625942
1988-03,-0.00286560637672243,-0.01143879200957,-0.0316896650246724,0.0326631282736067,0.0557714724131906
1988-04,-0.0037934560951185,-0.0298162179176205,-0.0384645632190653,0.0323808019182026,0.0559608666125445
1988-05,-0.024999979916537,-0.0162223110726522,-0.0594842618480666,0.0304274092938457,0.0587334590404144
1988-06,-0.020576956622674,-0.0230834111968659,-0.0453755036079875,0.0295014248012811,0.0579363823759362
1988-07,-0.0278188065889113,-0.0502674945997437,-0.0400039362525864,0.0269069046688498,0.0589032323287344
1988-08,-0.0343115059962617,-0.0535505725177508,-0.0161382716885507,0.0276735581745496,0.0598231678270769
1988-09,-0.0353643156835393,-0.0464043544502166,-0.0170108468748235,0.0292823859906127,0.0588249864484063
1988-10,-0.0560252389937474,-0.0396457222723367,-0.0375673695712519,0.0291431956919173,0.0594955873836538
1988-11,-0.0514321796470628,-0.0228092210835506,-0.0267674194405913,0.0308271832798827,0.0630422344872106
1988-12,-0.0465482843521244,-0.0329293354488378,-0.0179718125843558,0.0298548905445302,0.0647369933112972
1989-01,-0.0428213714945812,-0.0290076045906455,-0.0163472505699888,0.0284159533949327,0.0604723810647514
1989-02,-0.0203931201875726,-0.0258042970280271,-0.0202252567889682,0.0358582184150272,0.0691928203383227
1989-03,-0.0085067410564636,-0.0199894207731954,-0.0342132859662269,0.0404004176750269,0.0719572429124268
1989-04,-0.015512346532928,-0.0142766435693653,-0.0324383646896192,0.0417749139987014,0.0695495988876487
1989-05,-0.0119775189000951,-0.0116672162298899,-0.0322768901795128,0.0424622194692901,0.0689263841332856
1989-06,-0.00182579452418433,-0.0315929194535735,-0.0231269252805168,0.0413566260965179,0.0722758998985527
1989-07,-0.0167364676531652,-0.034777009507385,-0.017297413174866,0.0382649043048692,0.070473267795505
1989-08,-0.00672610497206775,-0.0326062833344667,0.00153790518297069,0.0420391868124325,0.0676852024967946
1989-09,-0.0128350417455774,-0.0253933712341246,0.00342676182760396,0.0424359843054547,0.0702444583756653
1989-10,-0.0447803811186577,-0.018895192717395,0.0105503919631336,0.0434350143220048,0.0745369101648698
1989-11,-0.0355987409223666,-0.00148358422076216,-0.00208759084321284,0.0435872052692526,0.0787973419855722
1989-12,-0.0262949300307796,0.00299430767038259,0.00445214614503407,0.0410417116350921,0.0807273859954541
1990-01,-0.0288479729751983,0.0290074716534782,-0.0183171986690058,0.0449712989817265,0.0864934653653224
1990-02,0.00699972489124488,-0.00360350333731735,-0.0137436226348483,0.0674994558835266,0.0831399264911915
1990-03,0.0442808243457708,-0.0170602972551285,-0.0114282883128236,0.066671250001721,0.0754501269475223
1990-04,0.000458841813179064,-0.0239875241472973,-0.0230884688756235,0.0686738253122045,0.0748747772393679
1990-05,-0.0051867929462388,-0.0140158366184798,-0.0236430559654444,0.062687833566976,0.0706055891181588
1990-06,0.000193845952249409,-0.0123801445576852,-0.0182585556714222,0.0616904326002087,0.0718619390411282
1990-07,-0.00938874054818711,-0.0269147026944371,-0.0105346696647139,0.0660508622977673,0.0738095743050195
1990-08,-0.0087609175102832,-0.0168323849680812,0.00208397493970601,0.0716463299982106,0.0844145780337618
1990-09,-0.0101596539396475,-0.0108245618197464,0.0192056661789082,0.0781549033647749,0.0885872000833345
1990-10,-0.0293179581248501,0.00609754844956452,0.011675353369721,0.0871930814185776,0.0976577438284742
1990-11,-0.0137915681792435,0.0354876665427939,0.0162096725387286,0.0750684699466807,0.0846374850683345
1990-12,-0.010553351426477,-0.00389337421278509,-0.00786427248113071,0.064608456768324,0.0778362879482848
1991-01,-0.0114214039754314,0.0256885389372912,-0.000834415399474348,0.0524877294825005,0.0700155825091645
1991-02,0.00425139800689875,0.0420381152248397,-0.0173766412030848,0.0532502077070949,0.0602197872685671
1991-03,0.0439048371831421,0.000215756630105493,-0.00682265741126247,0.0496043370115938,0.0543670330897575
1991-04,0.0404271981646482,-0.0030725724252095,-0.0294794037684826,0.0464045010383914,0.0499944205518091
1991-05,0.0282334816738888,-0.0170674951757662,-0.0218897165741394,0.0432130838838727,0.0486033048455474
1991-06,0.0301870680286186,-0.00989245638667663,-0.0182458081340217,0.0403900580831709,0.0490388736840017
1991-07,0.011216257641762,-0.0311252313199451,-0.0115218764244421,0.0341731925653942,0.0458197715033194
1991-08,-4.17310827952428e-06,-0.0209188364602991,-0.0124792735512182,0.0331864210369291,0.0442854096045001
1991-09,-0.0106335639342111,-0.0205145332590762,-0.0221777775979923,0.0302841513740983,0.0430422012997429
1991-10,-0.0263217697747874,-0.01665969587753,-0.0249008890728403,0.0290343950759961,0.0410180342643774
1991-11,-0.0230752244613712,-0.0131296745302878,-0.0173363304691751,0.0280481831896282,0.0417471669879638
1991-12,-0.0200093713802248,-0.0195061360129436,-0.00987840313700264,0.0249022060264024,0.0383267384716707
1992-01,-0.0185345491057072,-0.0201468076992061,-0.0154293023345392,0.0186636796977184,0.0351999334653483
1992-02,-0.00145001619826127,-0.0166883892380471,-0.0197519011379056,0.0231231885502695,0.0381051065657671
1992-03,0.0160406729956651,-0.0138163254116241,-0.0234864624618613,0.0259178310310578,0.0390728009943003
1992-04,-0.00276984725697965,-0.0144054858995187,-0.0293237660470296,0.025499564516963,0.0401135954178677
1992-05,-0.0199413398102368,-0.0240543409764579,-0.0287931299394646,0.0223411463196669,0.0399986071674567
1992-06,-0.00604006906373019,-0.0276868916846437,-0.0285225849024868,0.0216507023714038,0.0432823014905286
1992-07,-0.0165715487855944,-0.0341049231402537,-0.0229838340220114,0.0206899557105552,0.0420292795879923
1992-08,-0.0268596916033981,-0.0309482513872563,-0.0239721240971453,0.0203919416945319,0.040633965386929
1992-09,-0.0276678079442528,-0.0273214226024664,-0.0237438957374343,0.0191533982075029,0.0387594264596492
1992-10,-0.0350158371784608,-0.0237217029302754,-0.0202148918958309,0.0169771525607702,0.037787926800933
1992-11,-0.0296678266061586,-0.0209768993400333,-0.0128595761283438,0.0142616726272298,0.0328430959427441
1992-12,-0.0246566927289115,-0.0229082798075604,-0.00865343306712522,0.0126579930847261,0.0308423030471132
1993-01,-0.0222647011243921,-0.0216749409944104,-0.0119530262461508,0.0115877813442188,0.0293259778250746
1993-02,-0.00431788157737361,-0.0151800296604638,-0.0265173775703653,0.0177197482805781,0.0358754954964437
1993-03,0.0206305552977557,-0.0156253388197643,-0.0206936570492171,0.020751385305333,0.0341808441970386
1993-04,-0.00745686161606305,-0.0175412341540586,-0.0280812105042426,0.0228555399032808,0.0350478868570636
1993-05,-0.0100882813670854,-0.0221652980505965,-0.0294374940719049,0.0213292233230232,0.0327928578821053
1993-06,-0.0123474625676387,-0.0205643057371639,-0.0258955099942633,0.0205497554242938,0.0326746583832581
1993-07,-0.0146910614076334,-0.0312612939729929,-0.0224776988755057,0.0188297918480514,0.0329213465082844
1993-08,-0.0181106489201297,-0.0300812781080435,-0.00667052178946823,0.0165498755965999,0.0297484004016474
1993-09,-0.0218333026047122,-0.0251629879753945,-0.0196944380994274,0.0140576662164808,0.0279528233860997
1993-10,-0.030385770580088,-0.0244252894512275,-0.0250363448974117,0.012322487015347,0.0253856237084633
1993-11,-0.0315393935271061,-0.0119049790035616,-0.0251064892250264,0.01168590022653,0.0262452924885042
1993-12,-0.0258447044620471,-0.019041248821337,-0.0212492470342168,0.0100320729187573,0.024619410841095
1994-01,-0.0248643321385436,-0.0215500362051713,-0.0196547358187443,0.00835373455077613,0.0224302874246753
1994-02,-0.00947847115569463,-0.0252884086778531,-0.0245573772351433,0.0122646812512037,0.0275044757041793
1994-03,-0.000697447635218601,-0.0234284132676161,-0.0242993783009593,0.0163319845670894,0.0312125165732016
1994-04,-0.0123206275986033,-0.0172566648573147,-0.0362146411642418,0.0181426739597669,0.0303930570315309
1994-05,-0.0189315935047214,-0.0335888589619095,-0.0360897397660294,0.0162572154326171,0.0317072951747478
1994-06,-0.0196786782395861,-0.0300234421450793,-0.0291930389877612,0.0163028005674064,0.0331448892470238
1994-07,-0.0209661887335013,-0.0383922320851048,-0.0258413195407307,0.0152859702289481,0.0322628220244138
1994-08,-0.0253248594378054,-0.0328684147527158,-0.0124155213229381,0.0129747834782256,0.0306078437445696
1994-09,-0.0269830147417794,-0.0294254963768107,-0.0265208168842363,0.0123215015041689,0.0300431932189163
1994-10,-0.044480754516033,-0.0165377532614105,-0.0293685643725452,0.0116908913786671,0.0307930033990735
1994-11,-0.0357672787309357,-0.0133848434020119,-0.0307130921129119,0.0119874549605845,0.0337207523922313
1994-12,-0.0299027386085157,-0.0182319894622009,-0.0245296493027114,0.0115124021826996,0.033938456847953
1995-01,-0.0259648963836074,-0.0177095379671509,-0.0237442656837921,0.0100869003331294,0.0342228182927709
1995-02,-0.00303411220894899,-0.0293852313670671,-0.027362165020574,0.0148344089042274,0.0390620131148675
1995-03,0.012490123211702,-0.0269778630219971,-0.0284326299328347,0.0199414074852058,0.0366076926520304
1995-04,-0.0171762801514917,-0.0257249142336292,-0.0428126833050785,0.0210463872426093,0.0360089722072552
1995-05,-0.0169962835532152,-0.0289329985645347,-0.0315329568117265,0.0202396049918506,0.0350776199952619
1995-06,-0.0203614887567356,-0.0297027644613744,-0.0277469271716703,0.0191423108499667,0.032822566418871
1995-07,-0.0234310191367316,-0.0401450920900764,-0.0138164792231851,0.0168566480967576,0.0306463396616039
1995-08,-0.0243688055684653,-0.029152482693175,-0.0076639527415011,0.0152910306955339,0.0307306388904503
1995-09,-0.0241404349863692,-0.0256915657763369,-0.013097815223763,0.014536029739752,0.0305057036924078
1995-10,-0.0423276860224682,-0.0128013550427484,-0.0161304741349433,0.0139110796501737,0.0319295237853125
1995-11,-0.0288191191701974,-0.00374002550864248,-0.0229869680148587,0.0133734689846175,0.0299108951940453
1995-12,-0.0260180182839941,-0.016794349701445,-0.0217120273869744,0.0131700000994262,0.0302142970416123
1996-01,-0.0246256117611691,-0.0256312020021756,-0.0228624459639238,0.0118132031790256,0.0302681970348905
1996-02,-0.00358797090617933,-0.0269087211093958,-0.0285693125059993,0.0163014994237999,0.0343277849415924
1996-03,0.0126386382536555,-0.0235492594236972,-0.0215156633000755,0.0188337054471065,0.0334023224422406
1996-04,-0.0246516520545438,-0.0256883737225979,-0.0388757672552467,0.0174710266782725,0.0301096433755803
1996-05,-0.0242810791513365,-0.0271042598033556,-0.0285230322894649,0.0167092654869566,0.0281907235583804
1996-06,-0.0257837821800179,-0.0219430058009197,-0.0238597305948177,0.0167964687157182,0.0295864965248145
1996-07,-0.0296702969403248,-0.042266413474424,-0.0125085545078071,0.0176393040366821,0.0341416283584145
1996-08,-0.0285252869926493,-0.0288790161796919,-0.00770483117282157,0.0162256603696267,0.0332174467574508
1996-09,-0.0265020972968529,-0.0228943373448975,-0.00848002771494315,0.0143008748711142,0.0311600182862069
1996-10,-0.0407393630147689,-0.0143880911102825,-0.0138859756522844,0.0136532303157384,0.0323651702704697
1996-11,-0.0273391301734449,0.000142056014505506,-0.0250736475300858,0.0126779197530589,0.0318454513686508
1996-12,-0.0198797177522337,-0.0119877040383767,-0.0211303856829464,0.0117182756681124,0.0315092723048954
1997-01,-0.0169695529125754,-0.014949539792364,-0.0158680658815122,0.0108922279517574,0.030401238125843
1997-02,0.00872727981984569,-0.0238412323781598,-0.0224931716459294,0.019485277431217,0.0420467616730673
1997-03,0.0252201309063297,-0.0204775661100144,-0.0230441618648782,0.023960533240872,0.047480991983088
1997-04,-0.00437924336410453,-0.0161973519826484,-0.034528229131157,0.0253700971461802,0.0480589339812292
1997-05,-0.00958167088298367,-0.0232050439252398,-0.0213170816585753,0.0215656005982627,0.043081792560465
1997-06,-0.00965823793223007,-0.0198639807914342,-0.0131299363287941,0.019054190192058,0.041314781053102
1997-07,-0.0135296288072421,-0.0316730675703453,-0.00272023506449962,0.017673033937974,0.0392075485992922
1997-08,-0.0146781348465802,-0.0185109580873732,0.0155325274292511,0.0163261555342795,0.0381133329423931
1997-09,-0.015941583430772,-0.0131826520817757,-0.0110299829369007,0.0134325989636384,0.0345468532645614
1997-10,-0.0314831804353125,-0.00521431674393603,-0.0134699145596379,0.0120904472357119,0.0354440691378936
1997-11,-0.0160042626502739,0.00233226022531362,-0.016787472598571,0.0127851182493404,0.0363645555814481
1997-12,-0.00903247861289628,-0.00741675774203617,-0.0136636921349005,0.0120205850362205,0.0381842661156825
1998-01,-0.00834329106595904,-0.0123529695948774,-0.0135398803017309,0.011957414946714,0.038846331776556
1998-02,0.0154830364286737,-0.0149240590214654,-0.0142112129636247,0.0190418847158664,0.0418570703870244
1998-03,0.0257466212320063,-0.0154261817983177,-0.00861515050911338,0.0223956291612777,0.0397718526198037
1998-04,-0.00696231776222345,-0.0164272784900418,-0.0188542019066836,0.021915806843014,0.0368444382806534
1998-05,-0.0155582067150475,-0.0165120231736926,-0.00918371256070046,0.0230287991192133,0.0394100560766143
1998-06,-0.0181745078907498,-0.0134451232404009,-0.00281079326622881,0.0223136446263972,0.0393780041102364
1998-07,-0.019492025168341,-0.0243131582796715,0.00434624612245308,0.0229126605041005,0.0421059753963789
1998-08,-0.0180485398178452,-0.00954734017560931,0.0295265069170656,0.0293724225751182,0.0543367840005115
1998-09,-0.0127139563653324,0.00102706071452405,0.019882167982211,0.0291660732127617,0.0519870661999994
1998-10,-0.0313021175226231,0.0109236131035373,0.0152094759955156,0.0255632261454909,0.0476139289600662
1998-11,-0.0103791143557911,0.0195992286410747,0.0045167121234249,0.0200878162118239,0.0409294028721492
1998-12,-0.00252216422687118,0.010027928760724,0.00528101177953832,0.019927810290136,0.0411005191367219
1999-01,-0.00678203304144011,0.00140484921637115,0.00412632767167263,0.0164734188324921,0.0372527726878684
1999-02,0.037107506298829,0.00395738883907994,-0.00900174323258475,0.025366872018345,0.0449663809476469
1999-03,0.0466450419415416,0.00280662438148255,-0.0176838013944883,0.0293258553488169,0.0470020957027233
1999-04,0.011859649868609,0.00989136843206205,-0.0265358614757096,0.0272093529398639,0.0421815775352999
1999-05,0.00341037422822479,-0.000643823477713609,-0.00929955782182095,0.0241164348746732,0.0405381401237418
1999-06,0.00693382003052097,-0.0137153548714422,-0.00477156456769703,0.0226653588686927,0.0390209772557283
1999-07,-0.00321590693325722,-0.0254608645217857,0.001101621181349,0.0215922894000599,0.0383753466840944
1999-08,-0.00163625332257513,-0.00939272785432777,0.0113419187083784,0.0203971233997045,0.0422505267681692
1999-09,-0.00541898836237793,-0.00681633728186274,0.0090910085689719,0.0208278715766023,0.0428779520732288
1999-10,-0.0298740883147263,-0.00239697374708859,-0.00039636034607077,0.0191093281219522,0.0440054702588241
1999-11,-0.0168167214780166,0.0148576777715408,-0.0114064980875377,0.0161823107797816,0.0390770056407543
1999-12,-0.0137999008732235,0.00160035458525469,-0.00838287702626039,0.0143309126014213,0.036016939349763
2000-01,-0.0144941470843438,-0.00753119072334234,-0.00763741253337356,0.0129461371853228,0.0371101659553027
2000-02,0.00139032700318025,-0.0070557705826933,-0.0171941070849038,0.0191910261102622,0.0453751044534696
2000-03,0.0194641584557072,-0.00713854415812579,-0.019435790439432,0.0257548272747934,0.0439047295947948
2000-04,-0.00485736167712872,-0.0026122390386429,-0.033500825236061,0.0300427743707053,0.0476847530798468
2000-05,-0.00910226994514659,-0.00449145055029192,-0.00513219481645856,0.0328605634168544,0.0536795088338279
2000-06,-0.00574112195250547,-0.0111226919281785,0.00263726868374787,0.0306866275624391,0.0520215569496756
2000-07,0.00241239848913336,-0.0354617570860773,0.0286033753850827,0.0290711130228081,0.0506764165984175
2000-08,0.0208572598668434,-0.00469746497187157,0.0398863482505708,0.0279909157007134,0.0501885626478142
2000-09,0.0252010272748453,0.0153604169895213,0.0220355683370209,0.0308386019766363,0.0546921736514464
2000-10,-0.0171676353062712,0.0536489241833661,0.0168598881382493,0.033199291309948,0.0578437955138403
2000-11,0.0369427177918329,0.0864061275319574,0.042909544665159,0.0388081995713325,0.0656956247882813
2000-12,0.0863428813504951,0.114032251043563,0.0849157635711625,0.0438084865230123,0.0689320067708421
2001-01,0.0447368228306806,0.0348226103948426,0.0575769055736799,0.0295394833454647,0.0495620319458076
2001-02,0.16735637655816,0.0121677233626904,0.0953035729195901,0.0538729231351733,0.0614726777661561
2001-03,0.426971760186014,0.0288967531410033,0.0784645530541145,0.0664170038930982,0.0656031990291918
2001-04,0.313262626462832,0.0527704720991195,0.000753779049540462,0.0566278863750664,0.0565636695591882
2001-05,0.120097168400132,0.051288912670787,0.0275455966343297,0.0418463566359196,0.0456866618296446
2001-06,0.115868232591999,0.00869361902521041,0.0392272777181681,0.0372625713071919,0.0409525567291019
2001-07,0.0452143558409244,-0.00277252089877413,0.0717938705365709,0.032197254224663,0.0430865107485464
2001-08,0.0376750191904182,0.0478172668145059,0.0775226716650296,0.0296623798667621,0.0401588274956776
2001-09,0.0688699921381027,0.0798723898244954,0.0385957003576043,0.0339175769453062,0.0543959695044253
2001-10,-0.00472881269701966,0.100708686548106,0.0345644258724973,0.0274216759140666,0.042657733174556
2001-11,0.0404302064861808,0.101141169627834,0.0200460085037484,0.0204263749989239,0.0311391606854836
2001-12,0.0365753439530916,0.038251040913642,0.0173705194018942,0.0161580101336919,0.0264055510848222
2002-01,0.0442932440433721,0.0234669614993287,0.0205384140094604,0.0155404888919357,0.029466949875328
2002-02,0.14540492166493,0.0252621114519681,0.0153561392395343,0.026721581972988,0.036813330448889
2002-03,0.166031697785601,0.0357033314344684,0.00263149106200951,0.0210357600823827,0.0326543479790932
2002-04,0.12667485688598,0.0291616537675963,-0.0149207351305282,0.0203308637988675,0.0286124997767574
2002-05,0.0315598286505175,0.0101799637385283,0.0286894339062908,0.02331935324127,0.0298068320463241
2002-06,0.0383238513413809,0.00479692861576872,0.0447289918339,0.0254908396482325,0.032912901322889
2002-07,0.0252318357162166,-0.013905783896745,0.0813170969528908,0.0285008368583626,0.0396359526464675
2002-08,0.0416944372667549,0.043317590825353,0.0848986842132891,0.0235258530587494,0.0357142420336342
2002-09,0.0456150863031891,0.0548013741369701,0.138445087025363,0.0197024049431519,0.0367799381901082
2002-10,-0.00238863853438474,0.0702064694801267,0.054771958621594,0.0189977473501107,0.0328616306999641
2002-11,0.0179832347913819,0.0626723834581173,0.00709463739692991,0.0102624298547834,0.0230308278814597
2002-12,0.0315900963297421,0.0585216774146307,0.0210749029822526,0.00975362620353727,0.0233416695082252
2003-01,0.0303518220591897,0.0419987665764524,0.0290408310786934,0.0088167686677565,0.023540333579615
2003-02,0.0969078956072881,0.0306471574178744,0.0180092843375605,0.017630010789619,0.0241148148495905
2003-03,0.154172613845754,0.0216493844296719,0.0140198932400288,0.0195721848381896,0.0223268039964459
2003-04,0.0430169390153196,0.0147335059279068,-0.020395969681585,0.014653788150045,0.0162539410041479
2003-05,0.0166472943103183,-0.00746745905819799,-0.00974134778125976,0.011078084516517,0.0129338398739841
2003-06,-0.000261026901126444,-0.0117225322260918,-0.00753592470463376,0.0089074366003235,0.0121305483193355
2003-07,-0.00232167369024204,-0.0256981071182228,-0.00255476707921569,0.0075426219661849,0.0120674276746997
2003-08,-0.00819859358485005,-0.0122558020239672,0.01071706399249,0.00540644776396683,0.011238326859003
2003-09,-0.0130744044343219,-0.0118014959573109,-0.0061630172802732,0.00424538253507334,0.0102832950938221
2003-10,-0.0244909555335142,-0.00636775731979144,-0.00516428816320024,0.00381637302514887,0.00975186259278931
2003-11,-0.0127637656995037,0.00396647785654689,-0.0131294629574589,0.00250062443140591,0.00957775853374778
2003-12,-0.0112737229239108,-0.00467196909840777,-0.0154507768726779,0.00232289322150379,0.00971362579531451
2004-01,-0.0119166718657043,-0.00691388485961042,-0.0181571342381959,0.0016144420544629,0.00918684117769275
2004-02,0.00460560915951216,-0.0115564351124035,-0.0236533106390523,0.00371787682846096,0.012839459741658
2004-03,0.00640059288254234,-0.0167187067505538,-0.0263822209501757,0.00487316469457195,0.014464972929838
2004-04,0.00213577098125896,-0.0233162883996786,-0.0295057189591903,0.00689827498678036,0.0164265152726459
2004-05,-0.0116599239344257,-0.029027978121464,-0.0195453685028762,0.0064611535061465,0.0177820361009718
2004-06,-0.0144763139908799,-0.0245630222426593,-0.0131584058329356,0.00694944280852388,0.0185314933080067
2004-07,-0.017183474632402,-0.031724719769917,-0.00706356419544768,0.00792326469452641,0.021869305683533
2004-08,-0.0235770501376695,-0.0182143722176051,0.010565384575919,0.00655533831131315,0.0222134906138885
2004-09,-0.021173948440259,-0.0108940701953361,-0.0115414822572777,0.00609044138312139,0.0206676272649867
2004-10,-0.0298593356643859,-0.008981058633053,-0.0137540246786101,0.00504471482427052,0.0197270909234477
2004-11,-0.0164805361273847,0.00399544705861707,-0.0183761252618146,0.00370646190257094,0.0167456233294797
2004-12,-0.0115019050962276,-0.0145992860985024,-0.0145144404890869,0.00323294615781677,0.0149075323488846
2005-01,-0.00818974608728016,-0.0172202629419356,-0.0171930254614716,0.00325761837459525,0.016186370051761
2005-02,0.0110719598201783,-0.0159981275295978,-0.0171809704645863,0.00574020369287309,0.0173014222920026
2005-03,0.0236869367396841,-0.0164686890320691,-0.0201199799420253,0.00799885171644551,0.0191117543120096
2005-04,0.00343020535304416,-0.019017625414284,-0.0229454419734479,0.00953450221826662,0.020853202961369
2005-05,-0.0159472826647447,-0.0165778293512282,-0.0152862788694984,0.00780972321151333,0.0193907177612596
2005-06,-0.00735605046023638,-0.0174986129610938,-0.011063346730865,0.00712538321441499,0.0197086177734929
2005-07,-0.011352473548863,-0.0181680597901535,-0.00997220921038324,0.00658649440157364,0.0182212110766211
2005-08,-0.0115824836504359,-0.0132637417876813,-0.00600155593515725,0.00615762630390227,0.0190671821877148
2005-09,-0.0139358757684862,-0.00996314493997522,-0.0135306772739931,0.00552410643160896,0.018666805791415
2005-10,-0.0307942837004745,-0.000630760025299542,-0.0141445369565929,0.00524309692354783,0.0205431910033903
2005-11,-0.0129487572830202,0.0209083719555812,-0.0157178124623177,0.00473488199564121,0.0199653626310455
2005-12,-0.00927948391414097,-0.00304469701829017,-0.0154611877107825,0.00400721459438477,0.0190157667627897
2006-01,-0.00725201304574351,-0.00796123075070634,-0.0124927633030668,0.00364579742337896,0.0183232139362057
2006-02,0.0103117409743769,-0.0113652946817573,-0.0224022567355527,0.00658711054805879,0.0229274160038906
2006-03,0.0176337493033978,-0.0118871825524912,-0.0180964260388316,0.00831063692738588,0.0261888051324246
2006-04,-0.00138326739473393,-0.011964818095032,-0.0315832709751919,0.0088297031865901,0.0252054834551527
2006-05,-0.0068432981105544,-0.0219530457679562,-0.0173757425338595,0.00969710499653367,0.0271815286286331
2006-06,-0.00873899821296435,-0.0204944960240688,-0.0124466167396614,0.0091183025870765,0.0261270986408333
2006-07,-0.00683248390101342,-0.0354897453222405,-0.001955694685857,0.00896428475716087,0.0280766164334517
2006-08,-0.0129718884337009,-0.0146375420166314,0.00513315321303573,0.00833929144912483,0.0282275172085443
2006-09,-0.00909111070602687,-0.00797689288327753,0.00250696057680391,0.00736512380876558,0.0270693677191783
2006-10,-0.0330628811501157,-0.00149935965891729,-0.00990449618794491,0.00648991043116376,0.0257027399163115
2006-11,-0.0126868483913544,0.00246564526966691,-0.00167659406903006,0.00639664381542254,0.024031660871152
2006-12,-0.0077800716659679,-0.00436689081402671,-0.00158126108696182,0.00554973521207181,0.0239632279394295
2007-01,-0.00628349607021043,-0.00693397788089505,-0.00133987680100394,0.00600879082260533,0.0230080295974461
2007-02,0.0210645188361284,-0.000447472037946956,-0.0142728582049342,0.010238519320359,0.0351527879853817
2007-03,0.0538120000310522,-0.00136235416758726,-0.00505114474304102,0.0143774062165965,0.043006268327146
2007-04,0.00301337108698806,0.00414377456977865,-0.022687574463255,0.0149679702907857,0.0442074225901104
2007-05,0.00545238083671048,-0.00644193232847054,-0.00513777926483363,0.0134978952755558,0.043548593583858
2007-06,0.0120072565490407,-0.0098540940139416,-0.000379790174344098,0.0131194107077777,0.0463167683216463
2007-07,0.00564481687976248,-0.0256801769618793,0.00613718315201692,0.0129419179283445,0.0513445703613174
2007-08,-0.00498314998565874,-0.00406560889479932,0.0359604429210151,0.012384175303287,0.0530474957371614
2007-09,-0.00606113408746573,0.00252499674048037,0.0167129639473426,0.0123895016114908,0.0531909577476364
2007-10,-0.0237386477658142,0.00876312276757354,0.00688759344062506,0.0124787565454002,0.0551673458519974
2007-11,-0.00458047986530997,0.0551032159672894,0.019346025215825,0.0132665345228564,0.0606363379932708
2007-12,0.00463327494255115,0.00421060741260536,0.0377905632684758,0.01070659364229,0.0606975162799652
2008-01,0.0071666088565418,0.0157028549283575,0.0142009007553777,0.011244099330721,0.0636716503953073
2008-02,0.0464843925459197,0.0212463616439551,-0.0023164166725099,0.0296344294763465,0.0704537702527715
2008-03,0.11058849635612,0.0350685913068099,0.00383430895939252,0.049751067024085,0.0605761938143384
2008-04,0.0388641333608164,0.0221741593721405,0.010378550874555,0.0532812057104071,0.056926290352564
2008-05,0.017639874277039,0.00271484935575647,0.0457525932570311,0.0518416028005159,0.0532643637859196
2008-06,0.04463196006662,0.00936752531005153,0.0696603502638061,0.0626970295819622,0.0618913443464686
2008-07,0.0188434347488949,0.0197203234402305,0.0736179608447652,0.0600983919575306,0.0610961006588984
2008-08,0.0310887279954224,0.0526373164610047,0.244018005005903,0.0525770311293273,0.0555480239520309
2008-09,0.0554064458352948,0.0793605133528426,0.0816332274796647,0.0591911282671883,0.0608399611800041
2008-10,0.0228796209463365,0.139537800249114,0.0697784975746084,0.082743135179493,0.0818472314614617
2008-11,0.159576915294574,0.20097335057083,0.0566159437887871,0.0906455624594549,0.0772257197984741
2008-12,0.178591591470794,0.153884371781233,0.110269453186781,0.0794132390833089,0.0618001841312294
2009-01,0.164633004571338,0.0734022254486536,0.108021424339828,0.0773119402810637,0.0661414336224732
2009-02,0.385068658506295,0.0697519335847873,0.0583330112892836,0.101032507190244,0.0340740774417115
2009-03,0.55616992417196,0.0763503804113596,0.0529422998834688,0.0657682654633182,0.0129672571798244
2009-04,0.0961714182017456,0.0548356628648713,0.0271086469829827,0.039017790053033,0.00590881768628315
2009-05,0.0516948100007869,0.0416024733323631,0.0375131569865227,0.0276742444316326,0.00313386219733731
2009-06,0.0415512554068535,0.0298494612989718,0.0487039120948642,0.0247200720339901,0.00270794095424758
2009-07,0.0286771159094037,0.0149312564348932,0.0472126167209236,0.0232455958474229,0.00537936301914731
2009-08,0.0244508159340106,0.0322905622223612,0.0346389711179449,0.015815357030144,0.00481769293718679
2009-09,0.0236074859617791,0.0313569275487316,-0.0125755001177382,0.0132583734017365,0.00434192132991532
2009-10,0.0125674645212125,0.0462026249676443,-0.0203179483741727,0.0136397683497364,0.00696276178324456
2009-11,0.0370306567135844,0.0185533550405312,-0.0197631679506143,0.00540203543331654,0.0103320055730431
2009-12,0.0414132974743148,-0.0173937729224648,-0.0177619248502181,0.00595743276087746,0.0102383022421894
2010-01,0.0395095375362348,-0.0184651082351406,-0.013589243620173,0.00468587215050317,0.0100356117128243
2010-02,0.0509710378510489,-0.00466582799046284,-0.0278647418993716,0.00576361612404179,0.0118421896792686
2010-03,0.128246578090112,-0.0131760986480777,-0.0257022613878195,0.00571849684920859,0.0121729500135406
2010-04,0.0403786866869004,-0.0106738899894969,-0.0261511722082651,0.0066775487063659,0.011190974716603
2010-05,-0.00107041065758344,-0.02590904254771,-0.0124295001914789,0.00588206363016597,0.0139719818574778
2010-06,-0.00151677372356279,-0.0227312686364451,-0.00967959978433152,0.00670023678540883,0.017915971684182
2010-07,-0.0086085807404587,-0.0294368425806067,-0.00636124409372204,0.00705445884858827,0.0186644929989417
2010-08,-0.0149193028743645,-0.00810902759137008,0.00122937813254546,0.00689749424564674,0.0206712787365315
2010-09,-0.0196056886802481,-0.00552200441114113,-0.0172983675873113,0.00628095688858608,0.017131761874709
2010-10,-0.0263777579382248,-0.0024532863256173,-0.0164706487125775,0.00542342578396683,0.0169848398996901
2010-11,-0.00796056287409534,0.0034848692112388,-0.0201526923081252,0.00360555327886527,0.0152082096571354
2010-12,-0.00487993699684885,-0.0111603053185927,-0.0170300605440599,0.00291600830730732,0.014416006699418
2011-01,-0.00451220972336465,-0.015787421869629,-0.0182213320004553,0.00345366978268672,0.0149912442649669
2011-02,0.00438239076174519,-0.0151152830804128,-0.0224759020577769,0.00491921719186482,0.0155615656513482
2011-03,0.0308456663592393,-0.0168250753275752,-0.0219852699099976,0.00919247136998272,0.0191540625014385
2011-04,-0.0066595843541951,-0.0194316324345543,-0.0231427306893757,0.00901929324943218,0.0195499020614915
2011-05,-0.00926017842714353,-0.0242865764644496,-0.0179479060451753,0.00835629157948486,0.0206321934045364
2011-06,-0.00924963046689628,-0.0205443879528792,-0.0142485151046158,0.00818040922729972,0.0220946187630772
2011-07,-0.0174222958234552,-0.025793466680625,-0.0136912048958378,0.00822097023378004,0.0227916149780607
2011-08,-0.00719723008924832,-0.0195360048700054,0.00584338651614963,0.00672972259857377,0.0236792789071269
2011-09,-0.0144252845108659,-0.0150848206653664,-0.00850950832927023,0.00687530502193514,0.0276827562645152
2011-10,-0.0316455428713155,-0.00817784607492901,-0.00854704008821794,0.00522711213218747,0.0216317126921689
2011-11,-0.0161693822291676,0.0153173304746139,-0.0244229171523528,0.00515262200784799,0.0213202877750576
2011-12,-0.00956114379019594,-0.00250408748904553,-0.0188550475236373,0.00469248856409798,0.0219413392526528
2012-01,-0.00965622139429373,-0.00853972964702062,-0.0185613485557504,0.00288269333960852,0.019718670240597
2012-02,0.0145228029212135,-0.0207273385003392,-0.0172870972821654,0.00437816335438202,0.0199127874061918
2012-03,0.0587059682545265,-0.0181941156123305,-0.0199720969359285,0.0100967070009909,0.0241930441430292
2012-04,0.00550979023777291,-0.0197247266979121,-0.0338949145329173,0.0114809244343001,0.0261165518730804
2012-05,-0.0114817831820206,-0.0169201565080723,-0.0163798530259638,0.0116916713879084,0.0285368066645301
2012-06,-0.0104953459018227,-0.0222943225107289,-0.0119474970230782,0.0111428037342838,0.0260641650171125
2012-07,-0.0190678780381124,-0.0350967792970731,-0.00981366098100656,0.0103547667825483,0.0263869515235703
2012-08,-0.00943486216009881,-0.016901268916458,0.00147302927531348,0.00812488258897025,0.0236059980196383
2012-09,-0.0112414282199695,-0.0129931817374563,-0.000723292308056,0.00690551367150839,0.0213102175204701
2012-10,-0.034930203406298,-0.00705494262011633,0.00326174052034471,0.0065110313781029,0.0227995112770178
2012-11,-0.0139174348807565,0.00819418118629696,-0.00647410407959878,0.00483932797472802,0.0201377351826302
2012-12,-0.0112843810598818,-0.00592962481066558,-0.00976058488351508,0.00295499021070162,0.01794138905882
2013-01,-0.00908523592244971,-0.00319020996705996,-0.00932467026588044,0.00271529450135104,0.0168851506570774
2013-02,0.019804843890942,-0.00886913415639288,-0.0223355016637766,0.00349156422546328,0.019204334506454
2013-03,0.0709238241836043,-0.0140622535446813,-0.0193587430129092,0.00808562736621987,0.0216059844424965
2013-04,0.0117541353812175,-0.0119610081789837,-0.0337046943445627,0.00957512687178514,0.0223829199667925
2013-05,0.00731657052254327,-0.0243377458912089,-0.012882589561167,0.00791189699201373,0.0206151010071065
2013-06,-0.00111611930033493,-0.0202632490308729,-0.0104549155580198,0.00742622473754303,0.0218490532073421
2013-07,-0.0108627435559436,-0.0300120773609759,-0.00787938632056793,0.00545982235908247,0.0180775585267291
2013-08,-0.0127941872728563,-0.0126453137181534,-0.0117973031381357,0.00473187732981734,0.0178244577065218
2013-09,-0.0167839172326569,-0.00905957715959109,-0.0144435604875595,0.00395464097122357,0.0169823853480528
2013-10,-0.0282980179355598,-0.00335870213729975,-0.0153177774297042,0.00382182052168312,0.0161005782381414
2013-11,-0.0106184506622468,-0.00363775567168119,-0.00128877101468473,0.00324743600195946,0.0152594411919284
2013-12,-0.00673401578749467,-0.0188769278554522,-0.010101664446277,0.0021987674037016,0.0139552143097551
2014-01,-0.00665659118672116,-0.0186791675022583,-0.00937997222195551,0.0024056616763555,0.0142236237682352
2014-02,0.0253449097981841,-0.00623367467189183,-0.0252451231615869,0.00459467393112954,0.0168015634976849
2014-03,0.0323511884930073,-0.00266835628713366,-0.0180750278411551,0.00649368182733029,0.0207144106689449
2014-04,-0.0135675322038313,-0.00648312229830862,-0.0288989099465992,0.00740745379445148,0.0226690344492114
2014-05,-0.000308572550049359,-0.0228565474335153,-0.0118968116203501,0.0059284683544486,0.022299135167563
2014-06,0.00231160575663389,-0.0208118659667226,-0.00646620425304209,0.00482678902613845,0.0204238519577864
2014-07,0.0051454234661047,-0.025808815509507,-0.00239787248338549,0.00557583399592597,0.0230059445751215
2014-08,-0.00246658582898919,-0.0104208951813667,-0.00110219218710808,0.00381022202559313,0.021104894843829
2014-09,-0.00874321998208138,-0.0022798738159962,-0.00544686358211579,0.00420344793800247,0.0217862992500345
2014-10,-0.0221129728444053,0.00355887421473789,0.00233399246135218,0.00417550831456801,0.0235461554824504
2014-11,-0.00613112579607461,0.00611049425295107,0.00569200966063904,0.00366412527848946,0.0232352043110938
2014-12,0.00543769557764963,0.0149144658106806,-0.00267869810734957,0.00391100415121805,0.0228269264704697
2015-01,0.00408336168167569,0.0234252087359261,-0.00191068629128801,0.00425304026095035,0.0227780967557231
2015-02,0.0403228461348152,0.0117180594121442,-0.0271119595554502,0.00606375365294608,0.0207005413777313
2015-03,0.12628518424118,0.00621479615465469,-0.0169657036899633,0.0109802540666071,0.0288376196329003
2015-04,0.0368637041717506,0.0019635667850762,-0.0225069362796889,0.0101595206145973,0.0275993953880938
2015-05,0.0132111998052113,-0.0155143853397517,-0.000445523196752602,0.00918618124070064,0.0261910597324546
2015-06,0.0664490020622421,-0.00788061837012924,0.00658720462257591,0.00787840103611458,0.0257777202250243
2015-07,-0.00469297570536646,-0.0188662777075548,0.0153931791514059,0.00847623002354368,0.0296545862280583
2015-08,-0.00102481401042165,0.00871498634206409,0.0197311444455499,0.00770471501350714,0.0304731825812752
2015-09,0.0126394009985335,0.0201668833080243,0.0133378840641997,0.00899790125894622,0.0341149055397098
2015-10,-0.0185909967353931,0.0244940438709484,0.0234717676980778,0.00789389054130416,0.0302125019782998
2015-11,0.0145725918566311,0.0174855746317483,0.0197305325528014,0.00667154905619589,0.0270313745403304
2015-12,0.0271584221038815,5.64767027317295e-05,0.0477786766042856,0.00343390757919589,0.0268528461411362
2016-01,0.0401038872160814,0.00608790332758716,0.0363275859709847,0.00553103873113309,0.0288702109995579
2016-02,0.128592332312079,0.0066666029898385,-0.0253332130738738,0.00669366256026155,0.0270351910029406
2016-03,0.274710848199978,-0.00419948608109908,-0.0213028494062527,0.0137975338226559,0.0291823343336332
2016-04,0.0232692546181063,0.00193895337947602,-0.0257157789565445,0.0199794197176211,0.0303426209678056
2016-05,0.0087967677848703,-0.0210750926637205,0.0259090319226275,0.0127833084703153,0.0293736964052787
2016-06,0.0248239353169688,-0.0233935415693522,0.0291027222052209,0.010301215718648,0.0244032420623512
2016-07,0.00161112233508753,-0.0209862570031304,0.0278958156230894,0.00912690822626877,0.0222381256478875
2016-08,-0.00876260676415888,0.0175952294987971,0.00601312077133129,0.00563845559901469,0.0220949712440426
2016-09,-0.0145909734022709,0.0264909362905605,-0.004827187626562,0.00556619469406162,0.0226962241873778
2016-10,-0.0349653846303993,0.0469098532829324,6.37747408865481e-05,0.0044479536042814,0.0225992756341373
2016-11,0.0243860659154689,0.00529425430782997,-0.0117682643476926,0.00240328859639532,0.0195287371113168
2016-12,0.0407629900393346,-0.00426648618123904,0.000478638586515623,0.00192982025910661,0.0197308009086456
2017-01,0.039799017218556,-0.00321093937748948,-0.00238496413583004,0.0014785643828492,0.0174581397911626
2017-02,0.0949354085075696,-0.000725550431164491,-0.0113399638198848,0.00299407316523364,0.0147318365510064
2017-03,0.250374466845648,0.00436443489241247,-0.0174454123092157,0.0111033229139878,0.0164306679462442
2017-04,0.0334975583122172,-0.00482425933430493,-0.0309072683958626,0.0105231983789007,0.018271303944101
2017-05,0.0303557923627661,-0.0175296543729838,0.015451482479715,0.00655717493103966,0.0163272431376014
2017-06,0.0322501147225214,-0.0155712922629913,0.0238004037769907,0.00638474616043462,0.0142462816670518
2017-07,0.0191510091579927,-0.0322991478019631,0.0317839315737836,0.00580258085002285,0.0122067975512248
2017-08,-0.00448338044500452,0.0190384227394839,0.0129183411866611,0.00368243129460047,0.0129273671449059
2017-09,-0.00467787633931193,0.0229442675919326,0.00187199912396528,0.00401690817054579,0.013009618755836
2017-10,-0.0281433308587495,0.0320593338181051,-0.00771254969847963,0.00241051084490473,0.0124336409592701
2017-11,0.0185447529592138,0.011324472814976,-0.0122477227063814,0.00168983978125892,0.0136067658359089
2017-12,0.0318308148186029,-0.0062278526966424,-0.0144036501511156,0.00189745077431223,0.0139892600121926
2018-01,0.0302128472550916,-0.00297671981195853,-0.0160048387203073,0.00141634996707142,0.0135091342838146
2018-02,0.0819762501539594,-0.00953955653353037,-0.0243632078307189,0.00266453402679643,0.0223621677554964
2018-03,0.238576814907073,-0.0110696687801193,-0.0243597410212025,0.0101554375738174,0.0448194627517572
2018-04,0.0071637940461981,-0.0115469477102145,-0.0383963069460714,0.0112961187202853,0.0472810282021876
2018-05,-0.00331345866323254,-0.0222230187439961,0.00315685536303781,0.00894710945241141,0.04980338996125
2018-06,-0.00269556485569423,-0.0169135837353976,0.0154578831097059,0.00880933065287459,0.052473920453178
2018-07,-0.0136242852701332,-0.0313420878008205,0.0235270921092459,0.00787476296936635,0.0525615604301304
2018-08,-0.0127670003044545,0.00479556500042107,0.00441525570077598,0.00798668438808284,0.0562299630173081
2018-09,-0.00186287608430154,0.0198006581299257,-0.00117317797230186,0.00528631047963533,0.0521534528880914
2018-10,-0.0347704357872505,0.0369881060662547,-0.0141213871557007,0.00632460630555136,0.0578680079507434
2018-11,0.0147396269055833,0.0451484053983153,-0.0160556745640026,0.00738372096579121,0.0597362150291041
2018-12,0.0638774959112491,-0.0126152778967484,0.0223383966540938,0.00780022867471127,0.0776638955629574
2019-01,0.0555934190057561,-0.0136264975203181,0.0116640013884159,0.00639724780850065,0.0678023969776639
2019-02,0.110845574050997,-0.0148182076360307,0.00729543209707795,0.00684790643882764,0.0707039180254782
2019-03,0.395992622288156,0.0135206244125812,0.00154187899047431,0.0310836794996342,0.0779460640792099
2019-04,-0.00323527753755019,0.022424809120291,-0.0320606929467714,0.0526838818930294,0.0680217179045844
2019-05,-0.00350132051637253,-0.00381277378710142,0.0594650618592235,0.0510506479805078,0.0741597926312971
2019-06,0.000298090274435281,0.00574762928781428,0.0715946773486221,0.0387734269873682,0.0646938367093877
2019-07,-0.00659872388477941,0.0348085461953541,0.0860357562640464,0.0394460731495672,0.0670278468059013
2019-08,-0.00674242289376098,0.0711025507689677,0.0807628829933439,0.0368735748745126,0.0711219562520299
2019-09,0.00420805026534801,0.0869324587187729,0.0602303895627951,0.024872964714053,0.0692061647784214
2019-10,0.00424374213415759,0.119695824333738,-0.0004826273917267,0.028250664027708,0.0751596930400215
2019-11,0.0645846026944409,0.0408929678735718,0.0157940412064682,0.014435708216298,0.0634056339865243
2019-12,0.0820188456480961,0.00804212686156343,-0.00184538563858812,0.0114590973100859,0.0595076357994864
2020-01,0.0795645920697509,0.000178849607308106,0.0107134229100887,0.0104947485932086,0.0522459108337955
2020-02,0.19240667855106,-0.00281988218723504,-0.0146357219695074,0.0207662638909259,0.0283802127228407
2020-03,0.640851130820713,0.0233559737064263,-0.00346453312163765,0.0628092130699361,0.00541194962099429
2020-04,0.100502862466038,0.00757347478527196,-0.0239841664558208,0.0268930996861603,-0.0140469283638875
2020-05,0.00616046215582466,-0.0222005678477644,0.0329754530767871,0.00968617265292474,-0.0240135553993924
2020-06,0.00982566960760978,-0.0094697006282842,0.0561304135442599,-0.00207655905169858,-0.0241524851842561
2020-07,0.00383191967863854,-0.0247270009329035,0.0604842192302033,-0.00269033506056216,-0.0219236401844341
2020-08,-0.00346324209079055,0.0477561839243014,0.030370836587578,0.000959011245400999,-0.0141485209779893
2020-09,0.00282405648615245,0.0675053123118313,-0.00661994238291178,0.00192924973316962,-0.0149932263761501
2020-10,-0.0132425904033441,0.0783263631595188,-0.0051758137081853,0.00306961497811519,-0.0126526216092485
2020-11,0.041295914707714,0.0329335141104847,-0.00627336856214224,0.00088137675276359,-0.0111252724883523
2020-12,0.0441412722676667,0.00444455510331982,-0.013933832306588,0.00138024529687819,-0.0123269659491198
2021-01,0.034623241125889,-0.00833910505243929,-0.013709990836784,0.00115653001071986,-0.0110459773648974
2021-02,0.0733155539160204,-0.0127049274170195,-0.0332090211100963,-0.00321091868378265,-0.000929413687988291
2021-03,0.126452487133101,-0.00308040300302045,-0.0312725118634778,-0.00496773001872307,0.017348032862759
2021-04,0.00977896581697213,-0.00390416051656618,-0.0339806084206148,-0.00473742594304366,0.00175160198882047
2021-05,-0.00143276953355132,-0.0249065210103529,-0.00220518209265612,-0.00206557372958574,0.00524260074610271
2021-06,0.00250598844198403,-0.0275870644601522,0.00418262414048958,-0.00247455512872649,0.00582785017208825
2021-07,0.00159560553358746,-0.0312751313477451,0.0138234856697788,-0.000991380596121296,0.00854876524875904
2021-08,-0.00672757730234065,0.00380510738446377,-0.0179720714641523,0.00105881880600186,0.0115679540515773
2021-09,-0.0150853746818678,0.0160975684014176,-0.00972565112520427,0.000976513335046833,0.0602528531151488
2021-10,-0.0259929177503832,0.0236315117085927,-0.0109735042891862,0.00193279563153776,0.0180067301372902
2021-11,0.024648393323502,0.00815818092298641,0.0177463476958525,0.00351528230275381,0.181946538273817
2021-12,0.0476100603853681,0.0107927216064906,0.120499139156559,0.00416785513957734,1.19407225122151
